address,tokens
0BF3BFB0DBEE03B35DF993C8689C07CE8723C28F,31751793
D009EE36103976E15012FBCE18625EFC9048EFB5,27519023
2CE83523458CC4B4ABD59A53F89744947573677E,26693103
3DC0F6391736F0A705559E91F50F6EF61C6CD9D2,20005508
B788CDCCE6A0C47CAA3B9E795554E67D7290AFE8,16835647
3AAE040478D0B916EAE5B2EAE4B2C39D5F1EFCE6,15475200
B0F07A73B0402316F406EDFAF8863CCB140C88B4,15456605
27F2AF66185B2DDA1E1D84E31D1746992DF5373A,14935789
5526E315D0C8F78B9DE7A6E60F7D518B91CE023C,13230790
8C5872749B2182B1832D3EAE57EDFAC01104B240,11159856
4338C4CDE85BFCF4F04E2ECBCBF7007DD93185FA,9200473
83CF613C22BF58C438BF19C0B97BD2661891296D,8027852
1D52B9F513DDA9D9D7D2B4F9B28C502DA82AC9AA,7950223
D6DD062792233D1799CB85CE3ECE1D925F7FCA93,7680172
6FEE4C6B4CF639B76357863F5B2DC35587BCBB60,7516629
B83975807B9428E001FEBC6449FD2267F0E50DFF,7311590
C687D59DEB9A963364A8970C9F59A02E8ED637A6,7182710
2E333AEB99DEE073AB9DCE544A2B63384FE3EB38,7032975
F9B4D9313C569F39DF1F3C664B55648F13F09D2A,7030511
257665698E33ADA42087491F898346FEBAE27E1F,6796649
4E19365526E85F2C07C19245D52773B31DEC28A9,6516717
85F3D82818E7BA6C639CB094664326F5001CF3FA,6513485
20DA32578EC9F1BBDF8F0FF9A53543D74970EF93,6419529
0B7EA0F411F506695D41F188343B3FB5F4CF789C,6351471
D82FB64AC8E00DAB4E6AC6D9370023A2281B7256,5846926
030EACE62A0FDC87356F9E2BE2C8EB2D8376F272,5837844
D0318CE9996528B03B2B77D9811265921D252A8F,5789017
BEB2BC950B3190F475C4CA3A45662F0867CAD5C6,5773179
721ABED113FBE067ADEB535370366254C49C3336,5575678
7EC661F40BEFD355FEF828AF6462E574F4759D0B,4878576
9AA1BD7F54997CF32113104393DCEA7BC3BCE836,4828783
045FC08FCDCC78E64BB04FA457305793F407E7E7,4539579
A8CB49A70B9E6539BAB773F5F2CB33C6B90F04E1,4520482
44131EEBD2586953580F02D32BCA8BAA46F3DA61,4300285
789DD85951E7F65FB5D0A073C522E9AB063D3134,3659238
40CACE4ECEBBCC24EB1192B93B2A912A0980FAE4,3579331
F197A9E66EE997CF5431360EF8E45A787CF166A6,3523713
D94070533C76A164E37C0FA62A845A427CD34E40,3464270
FC8D54A406146FC0E7C6349E6D54E0929DAF9B2C,3439257
3F9F551064F148AF6615C892C8E9E76262A9ED61,3301025
C8E7FA98EAF061E786393C94AE29A5831EDE363E,3198398
6A6D5C2FA9CE7DE300D89C703132681D69155131,3067112
8CFBE51AFBE982D2F316CA1FDA09BD8AAFAE38C9,3000121
B286F6A0BD3CD35B1940860A4D912C32FC2D1863,2883727
4C3EAD0A99B1B7F7AF9C45D41B0A7F7D7CE2D67B,2843215
05DF00639810F0FF4379A29744E684AA67A9FE06,2769947
F10BC4F92AA66ADFAF2D1CBD9D9A46E2AF123EB2,2733644
22CBF3A0B87D9C29BA415DA760BA085214E982A5,2647283
CA1086B803C8AC4E754CCF1842B8EAA8ADC17292,2533132
B3AC06F1CFAE7748FBAB70BE762855762A44227A,2420730
8F3695E65CBFB6D9084AFC0B637935E97CB3A381,2207939
81DA03EFE16079C6197C2949D3F82F835E19B90C,2178126
C6282A161258D8232DCE0E81A7D8F021E7A8BC26,2064176
EA1D7982E12F7BCE817D840E23736FFF0799315D,2032005
779E0D0690544828BAE8756036154E1C4659605A,2015583
C3F0F48DA2EC5B3E263F18146114FD6DBB37755B,1895669
A5ACE1813423D1AB76E9BD17264945B5A9F4EB06,1766803
3197C8328BCF200D00AC28909BEB99BAE57F7263,1704091
48181C41E43158F0ADE8011C86CF715BE87BD7F4,1693763
EE8637A0EF75B3359F35B9AE75DCAB6349288503,1639726
9D9F4C875BD335C4DA679047DAF9BD2ACA09F7A9,713439
080917AD1384CD7FC87B22ECACA1010CA397C363,442008
3EB507B45A3E2311F30AD570D12688380BFCDA8F,361107
B90C5F0758EDD6606EE5709E59DE8934C6FB6C21,188458
DE6E67386807F4C8C2DE0B079BBDF2165BA3C901,150645
540209C83B5C1309A67EE29214E712C626DA5D16,126321
6421F7BA3E55CE4B15DF906276DC3F10F757D763,80031
9743BB5C421C3C2E97AAA323ABE76A01E7791B22,55435
F6FEE2366243A31AB64B1DC9BE541DDB1D7C290D,54071
24C6EA6A9E7EDBD36B0763D5CA792CCC0296F89A,33848
3BA11DF542DEB37269F6604917FE91D35078E974,30899
1B0B32283EC8C25615E391897A3C3C6926BBBFDA,25013
951AAC746463A8BF169C9763B10CF175F7B802FC,5598
3B4F5EF9777CA373AAD1F7EE6C27D1400B5FEBE7,2525
23409AB1B4B91F75DFE30511ED0A45CA00B02181,201
